bin	coverage	relative	background.mean
1	0.8166985983664509	0.9845869359647133	0.8294834803655374
2	0.8178683069476905	0.9859971009757442	0.8294834803655374
3	0.8165372592517565	0.9843924304459013	0.8294834803655374
4	0.814177674700028	0.9815477872340936	0.8294834803655374
5	0.8171523646264025	0.9851339827362193	0.8294834803655374
6	0.8185640818796149	0.9868359060253852	0.8294834803655374
7	0.8202883936674636	0.9889146837571476	0.8294834803655374
8	0.8181304830089646	0.9863131724436878	0.8294834803655374
9	0.824069779167096	0.9934734068530747	0.8294834803655374
10	0.8238277704951289	0.9931816485749467	0.8294834803655374
11	0.8262176061309036	0.996062761571581	0.8294834803655374
12	0.8240395280831102	0.9934369370683209	0.8294834803655374
13	0.8207925784007095	0.989522513503225	0.8294834803655374
14	0.827649490773428	0.9977889980505684	0.8294834803655374
15	0.8292527982252552	0.9997218966432212	0.8294834803655374
16	0.829363718866585	0.9998556191873771	0.8294834803655374
17	0.8300494101038935	1.0006822676421556	0.8294834803655374
18	0.8305838459211251	1.0013265671729867	0.8294834803655374
19	0.8360391247353122	1.0079032850261054	0.8294834803655374
20	0.8331551880608985	1.0044264988782454	0.8294834803655374
21	0.831894726227692	1.0029069245129414	0.8294834803655374
22	0.8402843601895753	1.0130212114884773	0.8294834803655374
23	0.8464757487143567	1.0204853607709357	0.8294834803655374
24	0.8404255319148974	1.013191403817395	0.8294834803655374
25	0.8372693354845319	1.0093863896066542	0.8294834803655374
26	0.8387718059897076	1.0111977222500887	0.8294834803655374
27	0.8410708883735296	1.0139694258924672	0.8294834803655374
28	0.8373096702632008	1.0094350159863517	0.8294834803655374
29	0.8327215891902521	1.0039037652965526	0.8294834803655374
30	0.8354341030553467	1.0071738893307278	0.8294834803655374
31	0.831612382777046	1.002566539855104	0.8294834803655374
32	0.8311787839064013	1.0020438062734134	0.8294834803655374
33	0.833024100030267	1.0042684631442802	0.8294834803655374
34	0.835474437834022	1.0072225157104329	0.8294834803655374
35	0.8389129777150286	1.0113679145790049	0.8294834803655374
36	0.8390339820510504	1.0115137937181151	0.8294834803655374
37	0.8406675405868645	1.013483162095523	0.8294834803655374
38	0.845013612987784	1.018722654507119	0.8294834803655374
39	0.8479681355248485	1.0222845368194255	0.8294834803655374
40	0.843490975093298	1.016887008673865	0.8294834803655374
41	0.8444590097811794	1.0180540417863928	0.8294834803655374
42	0.84031461127356	1.0130576812732297	0.8294834803655374
43	0.8363618029646214	1.0082922960636331	0.8294834803655374
44	0.8317031360290105	1.0026759492093742	0.8294834803655374
45	0.8302914187758615	1.0009740259202848	0.8294834803655374
46	0.8333568619541988	1.0046696307766785	0.8294834803655374
47	0.8259554300695618	0.995746690103556	0.8294834803655374
48	0.8275083190481058	0.9976188057216508	0.8294834803655374
49	0.8245336291217303	0.9940326102195238	0.8294834803655374
50	0.828325098316045	0.9986034899103934	0.8294834803655374
51	0.8365735605526066	1.0085475845570122	0.8294834803655374
52	0.8352425128567379	1.0069429140272481	0.8294834803655374
53	0.8415044872441079	1.014492159474078	0.8294834803655374
54	0.848855500655457	1.023354317172637	0.8294834803655374
55	0.8554905717455075	1.0313533566316586	0.8294834803655374
56	0.8566804477160532	1.032787834832504	0.8294834803655374
57	0.8563880205707186	1.0324352935797165	0.8294834803655374
58	0.8534234143390331	1.0288612546725413	0.8294834803655374
59	0.8595643843904587	1.036264620980354	0.8294834803655374
60	0.8601189875970574	1.0369332337010733	0.8294834803655374
61	0.8497932842593539	1.0244848805004125	0.8294834803655374
62	0.84515478471311	1.0188928468360414	0.8294834803655374
63	0.8411011394575079	1.014005895677212	0.8294834803655374
64	0.8318745588383907	1.0028826113231328	0.8294834803655374
65	0.8212866794393329	0.9901181866544317	0.8294834803655374
66	0.817313703741025	0.9853284882549446	0.8294834803655374
67	0.8148129474639778	0.9823136527142233	0.8294834803655374
68	0.8130583845921434	0.9801984051977072	0.8294834803655374
69	0.8150448724412616	0.9825932543974076	0.8294834803655374
70	0.8105374609256555	0.9771592564670091	0.8294834803655374
71	0.8169708581224048	0.9849151640275964	0.8294834803655374
72	0.8182414036503041	0.9864468949878553	0.8294834803655374
73	0.8207119088434306	0.9894252607439012	0.8294834803655374
74	0.8222647978219018	0.9912973763619083	0.8294834803655374
75	0.8255722496722707	0.995284739496508	0.8294834803655374
76	0.822829484723182	0.9919781456775689	0.8294834803655374
77	0.8256730866189164	0.9954063054457192	0.8294834803655374
78	0.8264192800242051	0.9963058934700157	0.8294834803655374
79	0.8213572653019929	0.9902032828188894	0.8294834803655374
80	0.8163355853584537	0.9841492985474651	0.8294834803655374
81	0.8130079661187821	0.9801376222230551	0.8294834803655374
82	0.8188665927195614	0.9872006038730303	0.8294834803655374
83	0.8179893112836433	0.9861429801147711	0.8294834803655374
84	0.8203690632247438	0.9890119365164728	0.8294834803655374
85	0.8265302006655406	0.9964396160141786	0.8294834803655374
86	0.8324997479076556	1.0036363202083167	0.8294834803655374
87	0.8362407986286036	1.008146416924528	0.8294834803655374
88	0.8368256529192638	1.0088514994300921	0.8294834803655374
89	0.8369668246445144	1.0090216917589236	0.8294834803655374
90	0.8442371684985135	1.0177865966980733	0.8294834803655374
91	0.8459917313703488	1.0199018442145906	0.8294834803655374
92	0.8463144095996595	1.0202908552521204	0.8294834803655374
93	0.8435918120399533	1.017008574623088	0.8294834803655374
94	0.8432691338106343	1.0166195635855482	0.8294834803655374
95	0.8380659473630991	1.010346760605503	0.8294834803655374
96	0.8375516789351743	1.0097267742644873	0.8294834803655374
97	0.8301603307451589	1.000815990186234	0.8294834803655374
98	0.8312292023797573	1.002104589248059	0.8294834803655374
99	0.8343551477261337	1.0058731336740419	0.8294834803655374
100	0.8338610466875055	1.0052774605228292	0.8294834803655374
101	0.8321972370676367	1.0032716223605844	0.8294834803655374
102	0.8363819703539312	1.0083166092534523	0.8294834803655374
103	0.8392457396390346	1.0117690822114929	0.8294834803655374
104	0.8366239790258929	1.0086083675315738	0.8294834803655374
105	0.8420490067560941	1.0151486155999385	0.8294834803655374
106	0.8426036099626997	1.015817228320666	0.8294834803655374
107	0.8426641121306687	1.0158901678901704	0.8294834803655374
108	0.8492588484420501	1.0238405809694946	0.8294834803655374
109	0.841111223152132	1.0140180522720845	0.8294834803655374
110	0.8434708077039393	1.0168626954839872	0.8294834803655374
111	0.8476857920742155	1.0219441521616037	0.8294834803655374
112	0.847121105172921	1.021263382845926	0.8294834803655374
113	0.8375920137138417	1.0097754006441828	0.8294834803655374
114	0.8343652314208175	1.005885290268986	0.8294834803655374
115	0.8340627205807999	1.0055205924212554	0.8294834803655374
116	0.8239588585257579	0.9933396843089088	0.8294834803655374
117	0.8220530402339191	0.9910420878685325	0.8294834803655374
118	0.8162649994958006	0.9840642023830158	0.8294834803655374
119	0.8124533629121851	0.9794690095023381	0.8294834803655374
120	0.8114248260562569	0.978229036820212	0.8294834803655374
121	0.8083593828778569	0.9745334319637426	0.8294834803655374
122	0.8066955732580529	0.9725275938015759	0.8294834803655374
123	0.8069779167086987	0.9728679784594131	0.8294834803655374
124	0.8135625693253796	0.9808062349437727	0.8294834803655374
125	0.8117172532015902	0.9785815780729978	0.8294834803655374
126	0.8124231118281925	0.979432539717576	0.8294834803655374
127	0.8069577493193265	0.9728436652695189	0.8294834803655374
128	0.8067056569527365	0.9725397503965201	0.8294834803655374
129	0.8042452354542917	0.969573541235416	0.8294834803655374
130	0.8000504184733145	0.9645163977476051	0.8294834803655374
131	0.7951295754764318	0.9585839794254052	0.8294834803655374
132	0.7916717080056425	0.9544152798037255	0.8294834803655374
133	0.7929925388182955	0.956007633170511	0.8294834803655374
134	0.7901189755998921	0.952543352945018	0.8294834803655374
135	0.7886973180076856	0.9508294458861578	0.8294834803655374
136	0.791228070175453	0.9538804435584106	0.8294834803655374
137	0.7971667674934648	0.961039956024403	0.8294834803655374
138	0.8000403307118596	0.9645042362498856	0.8294834803655374
139	0.802944141964118	0.9680049825829876	0.8294834803655374
140	0.8049405122000579	0.97041174568701	0.8294834803655374
141	0.8062210123008783	0.9719554775769521	0.8294834803655374
142	0.8081568864690284	0.9742893084656601	0.8294834803655374
143	0.8070477918935297	0.9729522178523425	0.8294834803655374
144	0.8033978624722887	0.9685519741975412	0.8294834803655374
145	0.8090239967735137	0.9753346702178955	0.8294834803655374
146	0.81027424884047206	0.97684193600022	0.8294834803655374
147	0.8112220205687006	0.9779845407062364	0.8294834803655374
148	0.8073401895543526	0.9733047235595015	0.8294834803655374
149	0.8067150635208737	0.9725510906683397	0.8294834803655374
150	0.8057370437588598	0.971372019854798	0.8294834803655374
151	0.8074813470458101	0.9734748987285058	0.8294834803655374
152	0.8051724137930939	0.970691319178858	0.8294834803655374
153	0.8007562008469166	0.9653672674638906	0.8294834803655374
154	0.8054446460980327	0.971019514147634	0.8294834803655374
155	0.8055152248437313	0.9711046017320999	0.8294834803655374
156	0.8030248033877833	0.9681022255366746	0.8294834803655374
157	0.7964105666465027	0.960128303333467	0.8294834803655374
158	0.7957753579350505	0.959362515073076	0.8294834803655374
159	0.7943335349868949	0.9576242972757545	0.8294834803655374
160	0.7984976809840701	0.9626444647603923	0.8294834803655374
161	0.7947570074612003	0.9581348227826866	0.8294834803655374
162	0.8003629764065188	0.964893208064631	0.8294834803655374
163	0.8052530752167611	0.9707885621325474	0.8294834803655374
164	0.8054849768098714	0.9710681356244848	0.8294834803655374
165	0.8025509175237056	0.9675309231837104	0.8294834803655374
166	0.8020871143375403	0.966971776199902	0.8294834803655374
167	0.805404860340858	0.9709715496515151	0.8294834803655374
168	0.8086719774125276	0.9749102864063808	0.8294834803655374
169	0.8154986387012111	0.9831403011689112	0.8294834803655374
170	0.8191590198648964	0.9875531451258183	0.8294834803655374
171	0.8266814560855468	0.9966219649380409	0.8294834803655374
172	0.8246848845416692	0.9942149591433049	0.8294834803655374
173	0.8212261772713603	0.9900452470849229	0.8294834803655374
174	0.8260360996269135	0.9958439428629673	0.8294834803655374
175	0.8280730059493902	0.9982995750373164	0.8294834803655374
176	0.8314712110517248	1.0023963475261877	0.8294834803655374
177	0.8525663002924182	1.0278279441040932	0.8294834803655374
178	0.8727941917918897	1.0522140735186987	0.8294834803655374
179	0.8691943127961778	1.0478741691313014	0.8294834803655374
180	0.8414843198548146	1.0144678462842789	0.8294834803655374
181	0.829575476454568	1.0001109076807533	0.8294834803655374
182	0.8278914994453939	0.9980807563286951	0.8294834803655374
183	0.8259050115962727	0.995685907128991	0.8294834803655374
184	0.8212060098819858	0.990020933895026	0.8294834803655374
185	0.8176565493597119	0.9857418124823732	0.8294834803655374
186	0.8146616920439727	0.9821313037903623	0.8294834803655374
187	0.8084904709085575	0.974691467697791	0.8294834803655374
188	0.8067661591207149	0.9726126899660359	0.8294834803655374
189	0.8204497327821175	0.9891091892759107	0.8294834803655374
190	0.8146616920439749	0.982131303790365	0.8294834803655374
191	0.788837350005069	0.9509982641938133	0.8294834803655374
192	0.7850660482000558	0.9464516976927524	0.8294834803655374
193	0.7859029948572978	0.9474606950713056	0.8294834803655374
194	0.7844610265201001	0.9457223019973866	0.8294834803655374
195	0.7827367147322523	0.9436435242656251	0.8294834803655374
196	0.7837955026721599	0.9449199667324976	0.8294834803655374
197	0.788403751134421	0.9504755306121185	0.8294834803655374
198	0.786387012201245	0.9480442116275773	0.8294834803655374
199	0.7913078551981241	0.953976629949773	0.8294834803655374
200	0.7995764848240613	0.9639450377862899	0.8294834803655374
201	0.8062317233034111	0.9719683904351178	0.8294834803655374
202	0.805435111424847	0.9710080194362729	0.8294834803655374
203	0.8069678330140068	0.972855821864459	0.8294834803655374
204	0.8109822509076329	0.9776954817114002	0.8294834803655374
205	0.8103065752319494	0.9768809077124271	0.8294834803655374
206	0.8090863251310718	0.9754098113859037	0.8294834803655374
207	0.813382412263034	0.9805890430808725	0.8294834803655374
208	0.8150867285195827	0.9826437148095941	0.8294834803655374
209	0.8166801129487531	0.9845646505086006	0.8294834803655374
210	0.811496571198064	0.9783155305762726	0.8294834803655374
211	0.8128176684146636	0.9799082051115358	0.8294834803655374
212	0.8231343283581721	0.9923456558718116	0.8294834803655374
213	0.8299011698265057	1.000503553682328	0.8294834803655374
214	0.82512101653894665	0.9947407465852505	0.8294834803655374
215	0.8284792254941772	0.9987893009383169	0.8294834803655374
216	0.8376563130294296	1.0098529179391138	0.8294834803655374
217	0.8398547801533112	1.0125033228910156	0.8294834803655374
218	0.8412464703509567	1.0141811021724454	0.8294834803655374
219	0.8371722468737565	1.0092693425369132	0.8294834803655374
220	0.8381202097620056	1.0104121776996235	0.8294834803655374
221	0.8336829366680343	1.0050627365124212	0.8294834803655374
222	0.8320693828156281	1.0031174851715565	0.8294834803655374
223	0.8229628882614141	0.9921389729169171	0.8294834803655374
224	0.8168313836224057	0.9847470178217941	0.8294834803655374
225	0.8141085114965695	0.9814644061842045	0.8294834803655374
226	0.8069181121420245	0.9727958798967656	0.8294834803655374
227	0.8035494605222977	0.968734736185691	0.8294834803655374
228	0.7983361903801557	0.9624497766107943	0.8294834803655374
229	0.7986891196934612	0.9628752574330887	0.8294834803655374
230	0.7963597862256534	0.9600670840059563	0.8294834803655374
231	0.7975799132802589	0.9615380319916447	0.8294834803655374
232	0.7927901583140075	0.9557636494034095	0.8294834803655374
233	0.7947564787738243	0.9581341854133013	0.8294834803655374
234	0.800988202077208	0.9656469610753765	0.8294834803655374
235	0.7999899163053447	0.9644434581780995	0.8294834803655374
236	0.8007865281839106	0.9654038291769468	0.8294834803655374
237	0.8007058586265653	0.9653065764175431	0.8294834803655374
238	0.802964606231712	0.9680296536802167	0.8294834803655374
239	0.8080266209539237	0.9741322643313426	0.8294834803655374
240	0.8113643238882845	0.9781560972507033	0.8294834803655374
241	0.8077341938085939	0.9737797230785609	0.8294834803655374
242	0.8097811838257588	0.9762475118478596	0.8294834803655374
243	0.8064434808913931	0.9722236789284928	0.8294834803655374
244	0.8020974084904827	0.9669841865169079	0.8294834803655374
245	0.8040838963396035	0.9693790357166115	0.8294834803655374
246	0.8058384592114382	0.9714942832331279	0.8294834803655374
247	0.8077140264192934	0.9737554098887531	0.8294834803655374
248	0.8109811434909955	0.977694146643658	0.8294834803655374
249	0.8059594635474594	0.9716401623722374	0.8294834803655374
250	0.799001714228088	0.9632521118756738	0.8294834803655374
251	0.8024503378037906	0.9674096673392051	0.8294834803655374
252	0.8073711808006718	0.9733420856614032	0.8294834803655374
253	0.8115054956136075	0.9783262895796221	0.8294834803655374
254	0.8147625289906173	0.9822528697395723	0.8294834803655374
255	0.8158414843198356	0.9835536253962646	0.8294834803655374
256	0.826036099626913	0.9958439428629667	0.8294834803655374
257	0.8219522032872639	0.9909205219193098	0.8294834803655374
258	0.8149541191892975	0.982483845043138	0.8294834803655374
259	0.8156801452052128	0.983359119877539	0.8294834803655374
260	0.8247353030150311	0.9942757421179577	0.8294834803655374
261	0.8230009075324982	0.9921848077912504	0.8294834803655374
262	0.8122718564081868	0.9792501907937144	0.8294834803655374
263	0.8085308056872323	0.9747400940774955	0.8294834803655374
264	0.8115155793082915	0.9783384461745667	0.8294834803655374
265	0.8088333165271803	0.9751047919251423	0.8294834803655374
266	0.7987899566401054	0.9629968233822982	0.8294834803655374
267	0.7986286175254821	0.962802317863572	0.8294834803655374
268	0.8009680346879077	0.9656226478855691	0.8294834803655374
269	0.8024906725824571	0.9674582937188995	0.8294834803655374
270	0.798618533830801	0.9627901612686308	0.8294834803655374
271	0.7922456388020236	0.9551071932775517	0.8294834803655374
272	0.7938489462539239	0.9570400918702925	0.8294834803655374
273	0.7909347584955245	0.9535268359376787	0.8294834803655374
274	0.7835333266108875	0.944603895264556	0.8294834803655374
275	0.7819098517696936	0.9426466834820159	0.8294834803655374
276	0.7796712715539118	0.9399479194092276	0.8294834803655374
277	0.7758495512756105	0.9353405699336031	0.8294834803655374
278	0.774004235151745	0.9331159130627366	0.8294834803655374
279	0.7684985378642709	0.9264784122350554	0.8294834803655374
280	0.7683069476655937	0.9262474369314934	0.8294834803655374
281	0.7672683271150492	0.9249953076545042	0.8294834803655374
282	0.7632045981647833	0.9200961999007546	0.8294834803655374
283	0.7660078652818423	0.9234757332891999	0.8294834803655374
284	0.7647675708379394	0.9219804721137075	0.8294834803655374
285	0.7672985781990356	0.9250317774392588	0.8294834803655374
286	0.7661792880911488	0.9236823954028696	0.8294834803655374
287	0.7643238882726693	0.9214455819371429	0.8294834803655374
288	0.7698598366441256	0.9281195525495736	0.8294834803655374
289	0.7721488353332637	0.9308790995970078	0.8294834803655374
290	0.7729353635172173	0.9318273140009967	0.8294834803655374
291	0.7721992538066224	0.9309398825716565	0.8294834803655374
292	0.7771301804981239	0.9368844574887224	0.8294834803655374
293	0.7758898860542192	0.9353891963132278	0.8294834803655374
294	0.776656246848872	0.9363130975274089	0.8294834803655374
295	0.7756781284662346	0.9351339078198497	0.8294834803655374
296	0.7767570837955187	0.9364346634766213	0.8294834803655374
297	0.7720479983866179	0.9307575336477962	0.8294834803655374
298	0.7684481193909128	0.9264176292604074	0.8294834803655374
299	0.7686699606735805	0.9266850743487289	0.8294834803655374
300	0.760522335383664	0.9168625456513207	0.8294834803655374
301	0.7633760209740909	0.9203028620144258	0.8294834803655374
302	0.7659776141978564	0.9234392635044458	0.8294834803655374
303	0.769970757285461	0.9282532750937363	0.8294834803655374
304	0.7714228093173519	0.9300038247626109	0.8294834803655374
305	0.7715841484319753	0.9301983302813372	0.8294834803655374
306	0.7737319753957936	0.9327876849998565	0.8294834803655374
307	0.7807703942724376	0.941272988255736	0.8294834803655374
308	0.7842492689321202	0.9454670135040141	0.8294834803655374
309	0.7881012402944708	0.950110832764469	0.8294834803655374
310	0.7985378642734476	0.9626929085092175	0.8294834803655374
311	0.8068770797620435	0.9727464125101903	0.8294834803655374
312	0.8068669960673626	0.9727342559152495	0.8294834803655374
313	0.8076938590299193	0.9737310966988567	0.8294834803655374
314	0.8057880407381459	0.9714335002585592	0.8294834803655374
315	0.8051023495008357	0.9706068518037786	0.8294834803655374
316	0.8084198850458982	0.9746063715333344	0.8294834803655374
317	0.7990218816173896	0.9632764250654829	0.8294834803655374
318	0.7908238378541872	0.9533931133935136	0.8294834803655374
319	0.7804376323485027	0.940871820623334	0.8294834803655374
320	0.774195825350427	0.9333468883663044	0.8294834803655374
321	0.7629726731874245	0.91981659821748	0.8294834803655374
322	0.7563476857920596	0.9118297153534048	0.8294834803655374
323	0.7518402742765239	0.9063957174230912	0.8294834803655374
324	0.7524049611777405	0.9070764867386751	0.8294834803655374
325	0.7549964707068884	0.9102007316338306	0.8294834803655374
326	0.7490672582434496	0.9030526538193986	0.8294834803655374
327	0.7571543813653161	0.9128022429472046	0.8294834803655374
328	0.76489865886864	0.9221385078477559	0.8294834803655374
329	0.772108500554589	0.9308304732173034	0.8294834803655374
330	0.773399213471789	0.9323865173673703	0.8294834803655374
331	0.7708379550266974	0.9292987422570537	0.8294834803655374
332	0.7710396289200615	0.9295418741555639	0.8294834803655374
333	0.7691943127961921	0.9273172172846926	0.8294834803655374
334	0.7589795300998133	0.9150025866281817	0.8294834803655374
335	0.7563577694867499	0.9118418719483571	0.8294834803655374
336	0.7517192699405038	0.9062498382839831	0.8294834803655374
337	0.7445699304225248	0.8976308124839414	0.8294834803655374
338	0.7375920137137897	0.8892184487974939	0.8294834803655374
339	0.7281335081173813	0.8778155627602214	0.8294834803655374
340	0.7245638802057274	0.8735121281576651	0.8294834803655374
341	0.7265503680548515	0.8759069773573728	0.8294834803655374
342	0.7231420792578303	0.8717980482735539	0.8294834803655374
343	0.7276394070787521	0.8772198896090075	0.8294834803655374
344	0.7341837249168321	0.8851095197137518	0.8294834803655374
345	0.738741554905728	0.8906043006187161	0.8294834803655374
346	0.7406977916708682	0.8929626800336722	0.8294834803655374
347	0.7427548653826546	0.89544262539784	0.8294834803655374
348	0.7478672985782211	0.9016060190236102	0.8294834803655374
349	0.7513865080165705	0.9058486706515829	0.8294834803655374
350	0.7531410708884082	0.9079639181681032	0.8294834803655374
351	0.7488454169607844	0.90278520873108	0.8294834803655374
352	0.7530099828576969	0.9078058824340418	0.8294834803655374
353	0.7457295553090874	0.8990288209000361	0.8294834803655374
354	0.7401230210748957	0.8922697541230571	0.8294834803655374
355	0.7296057275385712	0.879590425618902	0.8294834803655374
356	0.7234546737924573	0.8721749027161394	0.8294834803655374
357	0.7199455480487875	0.8679444076831058	0.8294834803655374
358	0.7184128264596277	0.8660966052549195	0.8294834803655374
359	0.7153372995865344	0.8623888438034943	0.8294834803655374
360	0.714026419280042	0.8608084864636294	0.8294834803655374
361	0.7181809014822719	0.8658170035716484	0.8294834803655374
362	0.7176162145810536	0.8651362342560626	0.8294834803655374
363	0.7187355046889378	0.8664856162924485	0.8294834803655374
364	0.714409599677331	0.8612704370706749	0.8294834803655374
365	0.7164061712211321	0.8636774428653187	0.8294834803655374
366	0.7144988909053946	0.8613780838534948	0.8294834803655374
367	0.7128251663642011	0.859360292564323	0.8294834803655374
368	0.7106069772131371	0.8566861113376077	0.8294834803655374
369	0.7083585400282114	0.8539754640032752	0.8294834803655374
370	0.7022887678967357	0.846657931737532	0.8294834803655374
371	0.6991127243396074	0.842828990435737	0.8294834803655374
372	0.6923371647509717	0.8346605823251261	0.8294834803655374
373	0.6966727162734091	0.8398873910863165	0.8294834803655374
374	0.7005444646097834	0.8445550528638218	0.8294834803655374
375	0.6979128856624534	0.8413825014994832	0.8294834803655374
376	0.7027626537608479	0.8472292340905377	0.8294834803655374
377	0.7103145795523172	0.8563336056304525	0.8294834803655374
378	0.7184210526315737	0.8661065224770714	0.8294834803655374
379	0.7210727969348466	0.8693033845798637	0.8294834803655374
380	0.7293506755394243	0.8792829427031067	0.8294834803655374
381	0.7336660617059789	0.8844854407259158	0.8294834803655374
382	0.7402601330913222	0.8924350521906763	0.8294834803655374
383	0.7366202863480517	0.8880469639051006	0.8294834803655374
384	0.7311252268602378	0.8814222876844334	0.8294834803655374
385	0.7286751361161313	0.8784685329658624	0.8294834803655374
386	0.7220709820528157	0.8705067661318739	0.8294834803655374
387	0.7132587215164201	0.8598829734404122	0.8294834803655374
388	0.6985682597297954	0.842172600498264	0.8294834803655374
389	0.6905122000403523	0.8324604604977267	0.8294834803655374
390	0.6721919741883592	0.8103741546391462	0.8294834803655374
391	0.6543254688445379	0.7888348403951206	0.8294834803655374
392	0.6389997983464663	0.7703586791925878	0.8294834803655374
393	0.6264542796653044	0.75523418427723	0.8294834803655374
394	0.6164431898376757	0.7431651195344131	0.8294834803655374
395	0.6039116846456417	0.7280575188543953	0.8294834803655374
396	0.5929428369795252	0.7148338104554255	0.8294834803655374
397	0.5845044863393337	0.7046607921374803	0.8294834803655374
398	0.581611049500981	0.7011725528815549	0.8294834803655374
399	0.5758947474543707	0.6942811533758153	0.8294834803655374
400	0.5719528178243941	0.6895288831699764	0.8294834803655374
401	0.5674160701683477	0.6840595184828736	0.8294834803655374
402	0.5688980744026467	0.6858461776139825	0.8294834803655374
403	0.5736566186107653	0.6915829334635645	0.8294834803655374
404	0.5752293577981499	0.6934789798883726	0.8294834803655374
405	0.581016231474962	0.7004554584003521	0.8294834803655374
406	0.5869140034277758	0.7075656324935297	0.8294834803655374
407	0.5967436233491421	0.7194159226488376	0.8294834803655374
408	0.6109587660046548	0.7365532653349733	0.8294834803655374
409	0.6229761064623353	0.7510410046837842	0.8294834803655374
410	0.6380784353261255	0.769247912019823	0.8294834803655374
411	0.6606613569916046	0.7964731940176358	0.8294834803655374
412	0.6784857344490242	0.8179617201659382	0.8294834803655374
413	0.6984171791511484	0.841990462357815	0.8294834803655374
414	0.7084786772859997	0.8541202978192968	0.8294834803655374
415	0.7247706422018149	0.8737613941177254	0.8294834803655374
416	0.7339147091440608	0.884785202498112	0.8294834803655374
417	0.7410726887790989	0.8934146445599163	0.8294834803655374
418	0.7395806028833378	0.8916158312850533	0.8294834803655374
419	0.7368787176126758	0.8883585207603502	0.8294834803655374
420	0.7350236919044336	0.8861221583105221	0.8294834803655374
421	0.7338441375138557	0.8847001234918683	0.8294834803655374
422	0.7286319185401844	0.8784164311736387	0.8294834803655374
423	0.7175420909365738	0.8650468730496801	0.8294834803655374
424	0.7182478072386261	0.865897663112119	0.8294834803655374
425	0.7154047787075085	0.8624701945748737	0.8294834803655374
426	0.7103941929629937	0.856429585131625	0.8294834803655374
427	0.7084392014518958	0.8540727069569851	0.8294834803655374
428	0.705011090945772	0.8499398814248683	0.8294834803655374
429	0.7042145593869774	0.8489796072570892	0.8294834803655374
430	0.706130268199244	0.8512891274074149	0.8294834803655374
431	0.703004638031853	0.8475209629516097	0.8294834803655374
432	0.6984371849163121	0.84201458069849	0.8294834803655374
433	0.6978624722726483	0.8413217246534117	0.8294834803655374
434	0.6966525509175271	0.8398630803479362	0.8294834803655374
435	0.698457350272263	0.8420388914369533	0.8294834803655374
436	0.7011191772534502	0.8452479089089037	0.8294834803655374
437	0.6983666061706137	0.8419294931140244	0.8294834803655374
438	0.7010687638637	0.8451871320628983	0.8294834803655374
439	0.6974591651542911	0.8408355098849397	0.8294834803655374
440	0.6968239564428435	0.8400697216245543	0.8294834803655374
441	0.70223835450698735	0.8465971548915289	0.8294834803655374
442	0.7096289574511189	0.8555070405240609	0.8294834803655374
443	0.7140451703972363	0.860831092238956	0.8294834803655374
444	0.7166969147005743	0.864027954341827	0.8294834803655374
445	0.7198830409356841	0.867869051012861	0.8294834803655374
446	0.7276769509981709	0.8772651514138625	0.8294834803655374
447	0.7311756402500437	0.881483064530506	0.8294834803655374
448	0.7342811050614875	0.8852269182478522	0.8294834803655374
449	0.7393224440411393	0.8913046028539763	0.8294834803655374
450	0.7404113732607568	0.8926173827289143	0.8294834803655374
451	0.7410062512603057	0.8933345495123767	0.8294834803655374
452	0.7393022786851894	0.891280292115514	0.8294834803655374
453	0.7336257309941429	0.8844368192490683	0.8294834803655374
454	0.7278181084896248	0.8774353265828626	0.8294834803655374
455	0.7276063722524736	0.8771800638293983	0.8294834803655374
456	0.7194998991732128	0.8674071469827741	0.8294834803655374
457	0.7136519459568618	0.8603570328397246	0.8294834803655374
458	0.714508973583368	0.861390239222724	0.8294834803655374
459	0.715053438193175	0.862046629160191	0.8294834803655374
460	0.722554950594906	0.8710902238541146	0.8294834803655374
461	0.7277576124218411	0.8773623943675555	0.8294834803655374
462	0.7308429118773876	0.8810819373465029	0.8294834803655374
463	0.7337870538414815	0.8846313051564518	0.8294834803655374
464	0.7460173422061014	0.8993757680108903	0.8294834803655374
465	0.7506957047791768	0.9050158593253234	0.8294834803655374
466	0.7563117564024905	0.9117863999765232	0.8294834803655374
467	0.7660818713450356	0.9235649527431674	0.8294834803655374
468	0.7724440411373411	0.9312349907160777	0.8294834803655374
469	0.7740371042548565	0.9331555390515471	0.8294834803655374
470	0.7673119580560382	0.9250479077870226	0.8294834803655374
471	0.75993143778988	0.9161501775237197	0.8294834803655374
472	0.7580258116555896	0.9138528127426265	0.8294834803655374
473	0.761242185924556	0.9177303755212716	0.8294834803655374
474	0.7566142367412945	0.9121510610529207	0.8294834803655374
475	0.7502319015930365	0.9044567123415451	0.8294834803655374
476	0.7456644484774947	0.8989503300884241	0.8294834803655374
477	0.7466727162734339	0.9001658670096595	0.8294834803655374
478	0.7427808025811875	0.8954738944937858	0.8294834803655374
479	0.7411313905415163	0.8934854136153669	0.8294834803655374
480	0.7462034889583418	0.8996001808613527	0.8294834803655374
481	0.7515680145205006	0.9060674893601245	0.8294834803655374
482	0.7543813653322416	0.9094591793435118	0.8294834803655374
483	0.7598668952304214	0.9160723669813926	0.8294834803655374
484	0.7628315014621029	0.919646405888563	0.8294834803655374
485	0.7667943934657971	0.9244239476931905	0.8294834803655374
486	0.7741958253504276	0.9333468883663053	0.8294834803655374
487	0.7766259957648134	0.9362766277425673	0.8294834803655374
488	0.7810426540284594	0.941601216318701	0.8294834803655374
489	0.7830694766562559	0.9440446918981102	0.8294834803655374
490	0.7861853383079446	0.947801079729144	0.8294834803655374
491	0.7885953413330267	0.9507065059155945	0.8294834803655374
492	0.7835333266108894	0.9446038952645582	0.8294834803655374
493	0.7772511848341445	0.9370303366278311	0.8294834803655374
494	0.7773217706968059	0.9371154327922904	0.8294834803655374
495	0.7790158314005988	0.9391577407392147	0.8294834803655374
496	0.7751033578703348	0.9344409819093222	0.8294834803655374
497	0.7718967429666053	0.9305751847239263	0.8294834803655374
498	0.7717354038519896	0.9303806792052093	0.8294834803655374
499	0.7787435716446379	0.9388295126763231	0.8294834803655374
500	0.7782393869114019	0.9382216829302578	0.8294834803655374
501	0.7771200968034413	0.9368723008937796	0.8294834803655374
502	0.7766562468488714	0.9363130975274081	0.8294834803655374
503	0.7818190985177306	0.9425372741277475	0.8294834803655374
504	0.7802460421498202	0.9406408453197654	0.8294834803655374
505	0.7774427750327532	0.9372613119313107	0.8294834803655374
506	0.7825148734496505	0.9433760791773831	0.8294834803655374
507	0.7882928304930823	0.9503418080679519	0.8294834803655374
508	0.7881214076837765	0.950135145954283	0.8294834803655374
509	0.7846929514974492	0.9460019036806497	0.8294834803655374
510	0.7834224059695581	0.9444701727204006	0.8294834803655374
511	0.777836039124735	0.9377354191333113	0.8294834803655374
512	0.7763940707875276	0.9359970260593806	0.8294834803655374
513	0.7745991731370176	0.933833152163159	0.8294834803655374
514	0.77429666229708	0.9334684543155246	0.8294834803655374
515	0.7796107693858726	0.9398749798396384	0.8294834803655374
516	0.7763033175355654	0.9358876167051132	0.8294834803655374
517	0.7764243218715137	0.9360334958441348	0.8294834803655374
518	0.7768377533527964	0.9365319162359435	0.8294834803655374
519	0.7775839467580756	0.9374315042602287	0.8294834803655374
520	0.7799536150045558	0.9402883040670627	0.8294834803655374
521	0.7820711908843175	0.9428411890007428	0.8294834803655374
522	0.7863870122012435	0.9480442116275756	0.8294834803655374
523	0.7848240395280901	0.9461599394146261	0.8294834803655374
524	0.7876373903398399	0.9495516293980241	0.8294834803655374
525	0.7873046284158354	0.949150461765538	0.8294834803655374
526	0.7837652515881726	0.9448834969477419	0.8294834803655374
527	0.787990319653136	0.9499771102203071	0.8294834803655374
528	0.7896944640516137	0.9520315747621767	0.8294834803655374
529	0.7894726227690175	0.9517641296739413	0.8294834803655374
530	0.7911565997781917	0.9537942810259997	0.8294834803655374
531	0.7909246748008364	0.9535146793427292	0.8294834803655374
532	0.7928607441766681	0.9558487455678678	0.8294834803655374
533	0.7908641726328633	0.9534417397732198	0.8294834803655374
534	0.7904910759301834	0.9529919457610285	0.8294834803655374
535	0.789291116265021	0.9515453109653198	0.8294834803655374
536	0.7948270646364871	0.9582192815777623	0.8294834803655374
537	0.7949581526671156	0.9583773173117236	0.8294834803655374
538	0.7938791973379076	0.9570765616550437	0.8294834803655374
539	0.8005646869013184	0.9651363840887163	0.8294834803655374
540	0.802268831299792	0.9671908486305809	0.8294834803655374
541	0.8094685892911273	0.9758706574052687	0.8294834803655374
542	0.8080165372592312	0.9741201077363877	0.8294834803655374
543	0.8118685086215225	0.9787639269967711	0.8294834803655374
544	0.8155893919531755	0.9832497105231811	0.8294834803655374
545	0.8172532015730474	0.9852555486854296	0.8294834803655374
546	0.8167691842291117	0.9846720321291718	0.8294834803655374
547	0.8132802258747448	0.9804658502859488	0.8294834803655374
548	0.8063628113340509	0.972126426169093	0.8294834803655374
549	0.8022083291318136	0.9671179090610651	0.8294834803655374
550	0.8013007966119108	0.9660238155180534	0.8294834803655374
551	0.7941917918725354	0.9574534160976302	0.8294834803655374
552	0.7881908027430129	0.9502188065224305	0.8294834803655374
553	0.7898749495764635	0.9522491626094601	0.8294834803655374
554	0.7885034288019184	0.9505956989697252	0.8294834803655374
555	0.7896833400564514	0.9520181640126855	0.8294834803655374
556	0.7896934247680337	0.9520303218335717	0.8294834803655374
557	0.7948366276724456	0.9582308104824178	0.8294834803655374
558	0.8060609116579214	0.9717624651219163	0.8294834803655374
559	0.8065348931020756	0.9723338827033073	0.8294834803655374
560	0.8112847922549558	0.9780602163378084	0.8294834803655374
561	0.8182734973779863	0.986485586207683	0.8294834803655374
562	0.8199677289229453	0.9885281001155096	0.8294834803655374
563	0.8173356192012563	0.9853549088657826	0.8294834803655374
564	0.8182331585316392	0.9864369549241169	0.8294834803655374
565	0.8141286809197523	0.9814887218259988	0.8294834803655374
566	0.8098225090762765	0.9762973323102268	0.8294834803655374
567	0.8035397337636145	0.9687230099019091	0.8294834803655374
568	0.7975393303751694	0.961489106478298	0.8294834803655374
569	0.7993747478822101	0.9637018298784455	0.8294834803655374
570	0.7895824929407192	0.9518965858039335	0.8294834803655374
571	0.789622831786998	0.9519452170874173	0.8294834803655374
572	0.7918918918919158	0.9546807267854741	0.8294834803655374
573	0.8007966922146127	0.965416082622546	0.8294834803655374
574	0.7979628882613969	0.9619997349552399	0.8294834803655374
575	0.8019060104881037	0.9667534429193444	0.8294834803655374
576	0.8064945542557327	0.9722852514197462	0.8294834803655374
577	0.8111133521581162	0.9778535333828157	0.8294834803655374
578	0.8141690197660293	0.9815373531094804	0.8294834803655374
579	0.8097620008067569	0.9762243853848787	0.8294834803655374
580	0.8192718838240935	0.9876892104747598	0.8294834803655374
581	0.8179306171843151	0.9860722202977072	0.8294834803655374
582	0.8195038321903813	0.9879688403550143	0.8294834803655374
583	0.8112545381201874	0.9780237428751242	0.8294834803655374
584	0.8149369641956492	0.9824631635057062	0.8294834803655374
585	0.8124054462934925	0.9794112426874144	0.8294834803655374
586	0.8101765002521231	0.9767240932816333	0.8294834803655374
587	0.8084417549168089	0.9746327371830771	0.8294834803655374
588	0.8091780131114298	0.975520347620233	0.8294834803655374
589	0.8172365103378444	0.9852354262410433	0.8294834803655374
590	0.8160766515380702	0.9838371358263107	0.8294834803655374
591	0.8164094805849655	0.9842383843801079	0.8294834803655374
592	0.818255168935965	0.9864634899966611	0.8294834803655374
593	0.8229046898638116	0.992068810702744	0.8294834803655374
594	0.8275340393343704	0.9976498133147776	0.8294834803655374
595	0.8349873928391262	1.0066353491104647	0.8294834803655374
596	0.8399293998991612	1.012593282182088	0.8294834803655374
597	0.8421684316692057	1.0152925906349315	0.8294834803655374
598	0.841129601613718	1.0140402087851688	0.8294834803655374
599	0.8354311649016386	1.0071703471821767	0.8294834803655374
600	0.8379828542612264	1.0102465860946905	0.8294834803655374
601	0.8397982854261166	1.0124352145699558	0.8294834803655374
602	0.8417851739788347	1.0148305468457022	0.8294834803655374
603	0.835794251134644	1.0076080728772627	0.8294834803655374
604	0.8373575390822144	1.0094927251754393	0.8294834803655374
605	0.8288149268784305	0.9991940122944796	0.8294834803655374
606	0.8270068576038435	0.997014259089762	0.8294834803655374
607	0.8276321097216612	0.9977680439843596	0.8294834803655374
608	0.8224687373940783	0.9915432396937335	0.8294834803655374
609	0.8263614360629195	0.9962361585534625	0.8294834803655374
610	0.8263009277934742	0.9961632116282042	0.8294834803655374
611	0.8257462686566909	0.9954945314797594	0.8294834803655374
612	0.820461879790207	0.989123833338604	0.8294834803655374
613	0.8207240822912553	0.9894399366815333	0.8294834803655374
614	0.8200887454618475	0.9886739939660404	0.8294834803655374
615	0.8179709560306649	0.9861208515812766	0.8294834803655374
616	0.8155304558289793	0.9831786589283137	0.8294834803655374
617	0.8103670835013959	0.9769538546376869	0.8294834803655374
618	0.8119100443727	0.9788140012323173	0.8294834803655374
619	0.8059600645421229	0.9716408869130845	0.8294834803655374
620	0.7939794271884133	0.9571973957076539	0.8294834803655374
621	0.7877974989915473	0.9497446515081651	0.8294834803655374
622	0.7891992739007793	0.951434588610486	0.8294834803655374
623	0.7914380798709306	0.9541336248458608	0.8294834803655374
624	0.7864360629285992	0.9481033456893343	0.8294834803655374
625	0.7890580879387074	0.9512643791181767	0.8294834803655374
626	0.7946450181525073	0.9579998118857322	0.8294834803655374
627	0.7952501008470801	0.9587292811384607	0.8294834803655374
628	0.7955728116175755	0.9591183314066507	0.8294834803655374
629	0.800615167406191	0.9651972418466673	0.8294834803655374
630	0.8047498991529031	0.9701819484075382	0.8294834803655374
631	0.8099636950383484	0.9764675418025359	0.8294834803655374
632	0.8149253731343384	0.9824491896755032	0.8294834803655374
633	0.8185054457442669	0.9867652160879289	0.8294834803655374
634	0.823124243646656	0.9923334980510052	0.8294834803655374
635	0.8276623638564167	0.9978045174470284	0.8294834803655374
636	0.8293565954013881	0.9998470313548699	0.8294834803655374
637	0.8301230334812776	1.0007710257417766	0.8294834803655374
638	0.8342981040742222	1.0058043635860754	0.8294834803655374
639	0.8324828559903391	1.0036159558276916	0.8294834803655374
640	0.8360225897539497	1.0078833509565863	0.8294834803655374
641	0.8341670028237077	1.0056463119146222	0.8294834803655374
642	0.830022186365455	1.0006494475329155	0.8294834803655374
643	0.8224183138362394	0.9914824505893902	0.8294834803655374
644	0.8153791851553244	0.9829962916151175	0.8294834803655374
645	0.8112646228318007	0.9780359006960475	0.8294834803655374
646	0.808743444937495	0.9749964454760416	0.8294834803655374
647	0.8092981040742355	0.9756651256244349	0.8294834803655374
648	0.8063029447357961	0.9720542528230627	0.8294834803655374
649	0.8097216619604681	0.9761757541013829	0.8294834803655374
650	0.8135336829366975	0.980771410394079	0.8294834803655374
651	0.8180718031464533	0.9862424297900964	0.8294834803655374
652	0.8244251714400954	0.9939018569445013	0.8294834803655374
653	0.8312827753126272	1.0021691751429418	0.8294834803655374
654	0.8379991932230942	1.0102662838490817	0.8294834803655374
655	0.8427390076643855	1.0159804596626887	0.8294834803655374
656	0.8442517144009989	1.0178041327947283	0.8294834803655374
657	0.8452400161355281	1.018995599240924	0.8294834803655374
658	0.8509277934651122	1.025852610217294	0.8294834803655374
659	0.8572811617587653	1.0335120373717124	0.8294834803655374
660	0.8576139572408404	1.0339132454607853	0.8294834803655374
661	0.8539027833804134	1.0294391673769256	0.8294834803655374
662	0.8547599838644582	1.0304725821517047	0.8294834803655374
663	0.8562726906010524	1.0322962552837212	0.8294834803655374
664	0.851895925776542	1.0270197610217962	0.8294834803655374
665	0.841901976603471	1.0149713605296407	0.8294834803655374
666	0.8347014925373215	1.0062906764212889	0.8294834803655374
667	0.8382815651472553	1.010606702833721	0.8294834803655374
668	0.8385235982251269	1.0108984905348635	0.8294834803655374
669	0.8300221863654803	1.000649447532946	0.8294834803655374
670	0.8193122226704407	0.9877378417583259	0.8294834803655374
671	0.8147539330374987	0.9822425067205103	0.8294834803655374
672	0.8109217426381797	0.9776225347861324	0.8294834803655374
673	0.8040540540540455	0.9693430587667814	0.8294834803655374
674	0.8034993949173385	0.9686743786184285	0.8294834803655374
675	0.8106292860024423	0.9772699579806141	0.8294834803655374
676	0.8089350544574111	0.9752274440727005	0.8294834803655374
677	0.8059802339652944	0.9716652025548651	0.8294834803655374
678	0.8033985478015421	0.9685528004095992	0.8294834803655374
679	0.8045784590560677	0.9699752654525506	0.8294834803655374
680	0.8033178701089172	0.9684555378425505	0.8294834803655374
681	0.8065248083904915	0.972321724882419	0.8294834803655374
682	0.8086022589754003	0.974826235983705	0.8294834803655374
683	0.8090359015732065	0.9753490222815286	0.8294834803655374
684	0.8082190399354501	0.974364238790245	0.8294834803655374
685	0.8062020976199927	0.971932674614225	0.8294834803655374
686	0.8084610730133269	0.9746560264913939	0.8294834803655374
687	0.8142194433238984	0.98159814221386	0.8294834803655374
688	0.8129185155304669	0.9800297833203735	0.8294834803655374
689	0.8147135941912208	0.9821938754370276	0.8294834803655374
690	0.8174465510286437	0.9854886448955086	0.8294834803655374
691	0.8179306171843155	0.9860722202977077	0.8294834803655374
692	0.8151270673658589	0.9826923460930748	0.8294834803655374
693	0.8208753529649162	0.9896223039947368	0.8294834803655374
694	0.8266942315450034	0.9966373666425462	0.8294834803655374
695	0.8322307382008741	1.0033120103056494	0.8294834803655374
696	0.838069786204139	1.0103513885952469	0.8294834803655374
697	0.8420129084308372	1.0151050965593411	0.8294834803655374
698	0.8426280758370173	1.0158467236329858	0.8294834803655374
699	0.8503731343283606	1.0251839300688876	0.8294834803655374
700	0.8494856797095679	1.024114041831449	0.8294834803655374
701	0.8506151674062187	1.0254757177700138	0.8294834803655374
702	0.8499495764421028	1.0246733015919092	0.8294834803655374
703	0.84389874949575	1.017378609063872	0.8294834803655374
704	0.8412263009277814	1.0141567865306602	0.8294834803655374
705	0.8368293666800941	1.008855976626948	0.8294834803655374
706	0.8327248890682082	1.003907743528831	0.8294834803655374
707	0.8234973779750164	0.9927833374235698	0.8294834803655374
708	0.8150968132311701	0.9826558726304864	0.8294834803655374
709	0.8150463896732404	0.9825950835260338	0.8294834803655374
710	0.8185054457442683	0.9867652160879307	0.8294834803655374
711	0.818555869302131	0.9868260051923025	0.8294834803655374
712	0.8177490923759679	0.9858533795219184	0.8294834803655374
713	0.8174566357402303	0.9855008027164	0.8294834803655374
714	0.8228519564340279	0.9920052368871926	0.8294834803655374
715	0.8282674465509957	0.9985339866997642	0.8294834803655374
716	0.8249092375958296	0.9944854323467756	0.8294834803655374
717	0.8243949173053996	0.9938653834819045	0.8294834803655374
718	0.8289229528035731	0.9993242450570355	0.8294834803655374
719	0.8282674465509954	0.9985339866997639	0.8294834803655374
720	0.8277027027026973	0.9978531487305143	0.8294834803655374
721	0.8240822912464861	0.9934884910346001	0.8294834803655374
722	0.8301129487696901	1.000758867920884	0.8294834803655374
723	0.8403388463089848	1.0130868982932169	0.8294834803655374
724	0.836446147640143	1.008393979433487	0.8294834803655374
725	0.8375453812021172	1.0097191819094782	0.8294834803655374
726	0.8506958450988429	1.0255729803370617	0.8294834803655374
727	0.8601351351351453	1.0369527006807902	0.8294834803655374
728	0.8632311415893333	1.0406851516909341	0.8294834803655374
729	0.8681423961274517	1.0466060104595187	0.8294834803655374
730	0.8726603469140427	1.0520527142137635	0.8294834803655374
731	0.8738402581686444	1.0534751792568067	0.8294834803655374
732	0.869967728922974	1.0488065760388574	0.8294834803655374
733	0.8645824929406924	1.042314299688871	0.8294834803655374
734	0.8656111335215643	1.0435543974186274	0.8294834803655374
735	0.8612041145623585	1.038241429694106	0.8294834803655374
736	0.8540137152077245	1.0295729034065597	0.8294834803655374
737	0.8431020572811656	1.0164181412143696	0.8294834803655374
738	0.839169019766046	1.0116765910711571	0.8294834803655374
739	0.8355183541750759	1.00727545991257	0.8294834803655374
740	0.8312222670431805	1.0020962282176817	0.8294834803655374
741	0.8341569181121268	1.0056341540937377	0.8294834803655374
742	0.8303953206938413	1.0010992869055113	0.8294834803655374
743	0.829669221460293	1.0002239238021637	0.8294834803655374
744	0.8282977006857537	0.998570460162436	0.8294834803655374
745	0.8299011698265066	1.000503553682329	0.8294834803655374
746	0.8323920935861233	1.0035065354397463	0.8294834803655374
747	0.8412767244857156	1.0142175756351182	0.8294834803655374
748	0.8442517144009966	1.0178041327947256	0.8294834803655374
749	0.842275110931819	1.0154211999021903	0.8294834803655374
750	0.8399959661153847	1.012673532383327	0.8294834803655374
751	0.8355586930213508	1.007324091196049	0.8294834803655374
752	0.835891488503436	1.0077252992851342	0.8294834803655374
753	0.8324626865671598	1.0035916401859015	0.8294834803655374
754	0.8333098023396597	1.0046128971398394	0.8294834803655374
755	0.8389874949576431	1.0114577502953013	0.8294834803655374
756	0.8386244453408473	1.0110200687436013	0.8294834803655374
757	0.8313937071399449	1.0023029111725836	0.8294834803655374
758	0.8275110931827608	0.997622150133831	0.8294834803655374
759	0.8330778539733947	1.0043332672596124	0.8294834803655374
760	0.8356998789834965	1.0074943006884474	0.8294834803655374
761	0.8313029447358034	1.002193490784728	0.8294834803655374
762	0.8316054860831285	1.002558225411139	0.8294834803655374
763	0.832503025413437	1.0036402714693835	0.8294834803655374
764	0.8308793868495158	1.0016828623077136	0.8294834803655374
765	0.8238805970148951	0.9932453346169435	0.8294834803655374
766	0.8168616377571726	0.9847834912844766	0.8294834803655374
767	0.8124344493747254	0.9794462079180903	0.8294834803655374
768	0.8123840258168561	0.9793854188137106	0.8294834803655374
769	0.8076038725292258	0.9736226117165472	0.8294834803655374
770	0.8026220250100649	0.9676166482017999	0.8294834803655374
771	0.8030153287615919	0.9680908032161394	0.8294834803655374
772	0.8046389673255144	0.9700482123778107	0.8294834803655374
773	0.8017041443985021	0.9665100793149087	0.8294834803655374
774	0.8003327619239581	0.9648567824054396	0.8294834803655374
775	0.8016537259251436	0.9664492963402601	0.8294834803655374
776	0.8051830190581885	0.9707041045631912	0.8294834803655374
777	0.8082787133205824	0.9744361792044244	0.8294834803655374
778	0.8092971664818126	0.9756639952915891	0.8294834803655374
779	0.814722194211943	0.9822042433598684	0.8294834803655374
780	0.8189170111929178	0.9872613868476764	0.8294834803655374
781	0.8158515680145185	0.9835657819912078	0.8294834803655374
782	0.813663406272037	0.9809278008929981	0.8294834803655374
783	0.8145507714026338	0.9819975812461954	0.8294834803655374
784	0.8183624079862545	0.9865927741268794	0.8294834803655374
785	0.8239386911364528	0.9933153711190955	0.8294834803655374
786	0.8225975597459044	0.9916985439943922	0.8294834803655374
787	0.8228698195018571	0.9920267720572737	0.8294834803655374
788	0.8301199959665518	1.0007673638066112	0.8294834803655374
789	0.8277604114147633	0.9979227205947311	0.8294834803655374
790	0.8308460219824653	1.00164263864101	0.8294834803655374
791	0.8340526368861904	1.0055084358264006	0.8294834803655374
792	0.8426741958253604	1.0159023244851242	0.8294834803655374
793	0.8490318676885642	1.0235669398918135	0.8294834803655374
794	0.8526724485679535	1.0279559132295162	0.8294834803655374
795	0.8558087938684861	1.0317369955232232	0.8294834803655374
796	0.8540943929003513	1.0296701659736107	0.8294834803655374
797	0.8607402178297907	1.0376821699336063	0.8294834803655374
798	0.8628176684146974	1.0401866810348896	0.8294834803655374
799	0.8642900363049594	1.041961722883358	0.8294834803655374
800	0.8634530052440359	1.040952623750299	0.8294834803655374
